feature,importance
address_length,0.23771688041974773
num_words,0.1432897483548862
num_cities,0.13912140575420193
num_dots,0.10780354474539237
has_eo,0.08054138187192537
has_ordinal,0.06565676297221018
has_dash,0.048640184463496806
km_position,0.0419198750246298
km_notation,0.03713289968830767
has_comma,0.0346169632136811
has_peo,0.027113259805482147
has_neo,0.021555296638772675
starts_with_digit,0.014891797047265995
has_question_mark,0.0
